[
  {
    "model": "contenttypes.contenttype",
    "pk": 1,
    "fields": {
      "app_label": "wagtailcore",
      "model": "page"
    }
  },
  {
    "model": "contenttypes.contenttype",
    "pk": 2,
    "fields": {
      "app_label": "wagtailadmin",
      "model": "admin"
    }
  },
  {
    "model": "contenttypes.contenttype",
    "pk": 3,
    "fields": {
      "app_label": "wagtaildocs",
      "model": "document"
    }
  },
  {
    "model": "contenttypes.contenttype",
    "pk": 4,
    "fields": {
      "app_label": "wagtailimages",
      "model": "image"
    }
  },
  {
    "model": "contenttypes.contenttype",
    "pk": 5,
    "fields": {
      "app_label": "auth",
      "model": "permission"
    }
  },
  {
    "model": "contenttypes.contenttype",
    "pk": 6,
    "fields": {
      "app_label": "auth",
      "model": "group"
    }
  },
  {
    "model": "contenttypes.contenttype",
    "pk": 7,
    "fields": {
      "app_label": "contenttypes",
      "model": "contenttype"
    }
  },
  {
    "model": "contenttypes.contenttype",
    "pk": 8,
    "fields": {
      "app_label": "sessions",
      "model": "session"
    }
  },
  {
    "model": "contenttypes.contenttype",
    "pk": 9,
    "fields": {
      "app_label": "admin",
      "model": "logentry"
    }
  },
  {
    "model": "contenttypes.contenttype",
    "pk": 10,
    "fields": {
      "app_label": "knox",
      "model": "authtoken"
    }
  },
  {
    "model": "contenttypes.contenttype",
    "pk": 11,
    "fields": {
      "app_label": "app",
      "model": "user"
    }
  },
  {
    "model": "contenttypes.contenttype",
    "pk": 12,
    "fields": {
      "app_label": "app",
      "model": "material"
    }
  },
  {
    "model": "contenttypes.contenttype",
    "pk": 13,
    "fields": {
      "app_label": "app",
      "model": "materialcategory"
    }
  },
  {
    "model": "contenttypes.contenttype",
    "pk": 14,
    "fields": {
      "app_label": "app",
      "model": "product"
    }
  },
  {
    "model": "contenttypes.contenttype",
    "pk": 15,
    "fields": {
      "app_label": "app",
      "model": "productlabel"
    }
  },
  {
    "model": "contenttypes.contenttype",
    "pk": 16,
    "fields": {
      "app_label": "app",
      "model": "productpart"
    }
  },
  {
    "model": "contenttypes.contenttype",
    "pk": 17,
    "fields": {
      "app_label": "app",
      "model": "producttype"
    }
  },
  {
    "model": "contenttypes.contenttype",
    "pk": 18,
    "fields": {
      "app_label": "app",
      "model": "client"
    }
  },
  {
    "model": "contenttypes.contenttype",
    "pk": 19,
    "fields": {
      "app_label": "app",
      "model": "deliverynote"
    }
  },
  {
    "model": "contenttypes.contenttype",
    "pk": 20,
    "fields": {
      "app_label": "app",
      "model": "manufactureplan"
    }
  },
  {
    "model": "contenttypes.contenttype",
    "pk": 21,
    "fields": {
      "app_label": "app",
      "model": "order"
    }
  },
  {
    "model": "contenttypes.contenttype",
    "pk": 22,
    "fields": {
      "app_label": "app",
      "model": "orderedproduct"
    }
  },
  {
    "model": "contenttypes.contenttype",
    "pk": 23,
    "fields": {
      "app_label": "app",
      "model": "orderedproductlabel"
    }
  },
  {
    "model": "contenttypes.contenttype",
    "pk": 24,
    "fields": {
      "app_label": "app",
      "model": "productorder"
    }
  },
  {
    "model": "contenttypes.contenttype",
    "pk": 25,
    "fields": {
      "app_label": "app",
      "model": "productorderpart"
    }
  },
  {
    "model": "contenttypes.contenttype",
    "pk": 26,
    "fields": {
      "app_label": "app",
      "model": "store"
    }
  },
  {
    "model": "contenttypes.contenttype",
    "pk": 27,
    "fields": {
      "app_label": "app",
      "model": "transaction"
    }
  },
  {
    "model": "contenttypes.contenttype",
    "pk": 28,
    "fields": {
      "app_label": "app",
      "model": "uniquepricing"
    }
  },
  {
    "model": "contenttypes.contenttype",
    "pk": 29,
    "fields": {
      "app_label": "wagtailforms",
      "model": "formsubmission"
    }
  },
  {
    "model": "contenttypes.contenttype",
    "pk": 30,
    "fields": {
      "app_label": "wagtailredirects",
      "model": "redirect"
    }
  },
  {
    "model": "contenttypes.contenttype",
    "pk": 31,
    "fields": {
      "app_label": "wagtailembeds",
      "model": "embed"
    }
  },
  {
    "model": "contenttypes.contenttype",
    "pk": 32,
    "fields": {
      "app_label": "wagtailusers",
      "model": "userprofile"
    }
  },
  {
    "model": "contenttypes.contenttype",
    "pk": 33,
    "fields": {
      "app_label": "wagtailimages",
      "model": "rendition"
    }
  },
  {
    "model": "contenttypes.contenttype",
    "pk": 34,
    "fields": {
      "app_label": "wagtailsearch",
      "model": "query"
    }
  },
  {
    "model": "contenttypes.contenttype",
    "pk": 35,
    "fields": {
      "app_label": "wagtailsearch",
      "model": "querydailyhits"
    }
  },
  {
    "model": "contenttypes.contenttype",
    "pk": 36,
    "fields": {
      "app_label": "wagtailcore",
      "model": "grouppagepermission"
    }
  },
  {
    "model": "contenttypes.contenttype",
    "pk": 37,
    "fields": {
      "app_label": "wagtailcore",
      "model": "pagerevision"
    }
  },
  {
    "model": "contenttypes.contenttype",
    "pk": 38,
    "fields": {
      "app_label": "wagtailcore",
      "model": "pageviewrestriction"
    }
  },
  {
    "model": "contenttypes.contenttype",
    "pk": 39,
    "fields": {
      "app_label": "wagtailcore",
      "model": "site"
    }
  },
  {
    "model": "contenttypes.contenttype",
    "pk": 40,
    "fields": {
      "app_label": "wagtailcore",
      "model": "collection"
    }
  },
  {
    "model": "contenttypes.contenttype",
    "pk": 41,
    "fields": {
      "app_label": "wagtailcore",
      "model": "groupcollectionpermission"
    }
  },
  {
    "model": "contenttypes.contenttype",
    "pk": 42,
    "fields": {
      "app_label": "wagtailcore",
      "model": "collectionviewrestriction"
    }
  },
  {
    "model": "contenttypes.contenttype",
    "pk": 43,
    "fields": {
      "app_label": "taggit",
      "model": "tag"
    }
  },
  {
    "model": "contenttypes.contenttype",
    "pk": 44,
    "fields": {
      "app_label": "taggit",
      "model": "taggeditem"
    }
  },
  {
    "model": "sessions.session",
    "pk": "2cmhd3pbbpop60gvn7q9ivfuhe2767c5",
    "fields": {
      "session_data": "ZGVmNzU3M2JmZTBhMDdjYmY2NjI2NzVjYTg4YTE3ZmE2MTIzMjZkZDp7Il9hdXRoX3VzZXJfaWQiOiIxIiwiX2F1dGhfdXNlcl9iYWNrZW5kIjoiZGphbmdvLmNvbnRyaWIuYXV0aC5iYWNrZW5kcy5Nb2RlbEJhY2tlbmQiLCJfYXV0aF91c2VyX2hhc2giOiIwODkwOGNkMGQ1YzYzYTQzZWViNWMzNTUzZmE4MTczNDA2Nzk5ZjNiIn0=",
      "expire_date": "2019-05-26T13:00:38.960Z"
    }
  },
  {
    "model": "sessions.session",
    "pk": "362zlnsmiaz7xruyf27ohtpmbwiiaf4w",
    "fields": {
      "session_data": "ZGVmNzU3M2JmZTBhMDdjYmY2NjI2NzVjYTg4YTE3ZmE2MTIzMjZkZDp7Il9hdXRoX3VzZXJfaWQiOiIxIiwiX2F1dGhfdXNlcl9iYWNrZW5kIjoiZGphbmdvLmNvbnRyaWIuYXV0aC5iYWNrZW5kcy5Nb2RlbEJhY2tlbmQiLCJfYXV0aF91c2VyX2hhc2giOiIwODkwOGNkMGQ1YzYzYTQzZWViNWMzNTUzZmE4MTczNDA2Nzk5ZjNiIn0=",
      "expire_date": "2019-05-03T10:43:50.870Z"
    }
  },
  {
    "model": "sessions.session",
    "pk": "4ljpx1htm607dvr1bxu4xtktumqfhwt1",
    "fields": {
      "session_data": "ZGVmNzU3M2JmZTBhMDdjYmY2NjI2NzVjYTg4YTE3ZmE2MTIzMjZkZDp7Il9hdXRoX3VzZXJfaWQiOiIxIiwiX2F1dGhfdXNlcl9iYWNrZW5kIjoiZGphbmdvLmNvbnRyaWIuYXV0aC5iYWNrZW5kcy5Nb2RlbEJhY2tlbmQiLCJfYXV0aF91c2VyX2hhc2giOiIwODkwOGNkMGQ1YzYzYTQzZWViNWMzNTUzZmE4MTczNDA2Nzk5ZjNiIn0=",
      "expire_date": "2019-04-28T15:10:55.473Z"
    }
  },
  {
    "model": "sessions.session",
    "pk": "4sk8ko5vyh2bdbhlklgw3dnbgrdkue0l",
    "fields": {
      "session_data": "ZGVmNzU3M2JmZTBhMDdjYmY2NjI2NzVjYTg4YTE3ZmE2MTIzMjZkZDp7Il9hdXRoX3VzZXJfaWQiOiIxIiwiX2F1dGhfdXNlcl9iYWNrZW5kIjoiZGphbmdvLmNvbnRyaWIuYXV0aC5iYWNrZW5kcy5Nb2RlbEJhY2tlbmQiLCJfYXV0aF91c2VyX2hhc2giOiIwODkwOGNkMGQ1YzYzYTQzZWViNWMzNTUzZmE4MTczNDA2Nzk5ZjNiIn0=",
      "expire_date": "2019-05-11T08:09:19.855Z"
    }
  },
  {
    "model": "sessions.session",
    "pk": "bqgbgej33e7xax2hw5gyt8o5ndgw1y48",
    "fields": {
      "session_data": "ZGVmNzU3M2JmZTBhMDdjYmY2NjI2NzVjYTg4YTE3ZmE2MTIzMjZkZDp7Il9hdXRoX3VzZXJfaWQiOiIxIiwiX2F1dGhfdXNlcl9iYWNrZW5kIjoiZGphbmdvLmNvbnRyaWIuYXV0aC5iYWNrZW5kcy5Nb2RlbEJhY2tlbmQiLCJfYXV0aF91c2VyX2hhc2giOiIwODkwOGNkMGQ1YzYzYTQzZWViNWMzNTUzZmE4MTczNDA2Nzk5ZjNiIn0=",
      "expire_date": "2019-05-05T11:39:42.567Z"
    }
  },
  {
    "model": "sessions.session",
    "pk": "l6lxmyrajzju6z5yaxflr4213uli49ik",
    "fields": {
      "session_data": "ZGVmNzU3M2JmZTBhMDdjYmY2NjI2NzVjYTg4YTE3ZmE2MTIzMjZkZDp7Il9hdXRoX3VzZXJfaWQiOiIxIiwiX2F1dGhfdXNlcl9iYWNrZW5kIjoiZGphbmdvLmNvbnRyaWIuYXV0aC5iYWNrZW5kcy5Nb2RlbEJhY2tlbmQiLCJfYXV0aF91c2VyX2hhc2giOiIwODkwOGNkMGQ1YzYzYTQzZWViNWMzNTUzZmE4MTczNDA2Nzk5ZjNiIn0=",
      "expire_date": "2019-05-15T10:55:29.282Z"
    }
  },
  {
    "model": "sessions.session",
    "pk": "m8d6tfpjky0pxsa6au9qpdzlkmm3wd3d",
    "fields": {
      "session_data": "ZGVmNzU3M2JmZTBhMDdjYmY2NjI2NzVjYTg4YTE3ZmE2MTIzMjZkZDp7Il9hdXRoX3VzZXJfaWQiOiIxIiwiX2F1dGhfdXNlcl9iYWNrZW5kIjoiZGphbmdvLmNvbnRyaWIuYXV0aC5iYWNrZW5kcy5Nb2RlbEJhY2tlbmQiLCJfYXV0aF91c2VyX2hhc2giOiIwODkwOGNkMGQ1YzYzYTQzZWViNWMzNTUzZmE4MTczNDA2Nzk5ZjNiIn0=",
      "expire_date": "2019-05-26T14:40:50.715Z"
    }
  },
  {
    "model": "sessions.session",
    "pk": "z3gmsmurue0iy4xhvkjdqshxua1z9h89",
    "fields": {
      "session_data": "ZGVmNzU3M2JmZTBhMDdjYmY2NjI2NzVjYTg4YTE3ZmE2MTIzMjZkZDp7Il9hdXRoX3VzZXJfaWQiOiIxIiwiX2F1dGhfdXNlcl9iYWNrZW5kIjoiZGphbmdvLmNvbnRyaWIuYXV0aC5iYWNrZW5kcy5Nb2RlbEJhY2tlbmQiLCJfYXV0aF91c2VyX2hhc2giOiIwODkwOGNkMGQ1YzYzYTQzZWViNWMzNTUzZmE4MTczNDA2Nzk5ZjNiIn0=",
      "expire_date": "2019-05-26T14:41:36.730Z"
    }
  },
  {
    "model": "app.materialcategory",
    "pk": 1,
    "fields": {
      "name": "Leather"
    }
  },
  {
    "model": "app.materialcategory",
    "pk": 2,
    "fields": {
      "name": "Silk"
    }
  },
  {
    "model": "app.material",
    "pk": 1,
    "fields": {
      "sort_order": null,
      "category": 1,
      "name": "Malaysian gold tiger leather",
      "unit": 3,
      "price": "17780.0000",
      "net_price": "14000.0000",
      "vat": 27,
      "quantity": 0
    }
  },
  {
    "model": "app.material",
    "pk": 2,
    "fields": {
      "sort_order": null,
      "category": 1,
      "name": "Tibetian angry frog leather",
      "unit": 3,
      "price": "30480.0000",
      "net_price": "24000.0000",
      "vat": 27,
      "quantity": -3
    }
  },
  {
    "model": "app.material",
    "pk": 3,
    "fields": {
      "sort_order": null,
      "category": 2,
      "name": "Red colored silk",
      "unit": 3,
      "price": "43815.0000",
      "net_price": "34500.0000",
      "vat": 27,
      "quantity": -1
    }
  },
  {
    "model": "app.material",
    "pk": 4,
    "fields": {
      "sort_order": null,
      "category": 2,
      "name": "Blue colored silk",
      "unit": 3,
      "price": "30480.0000",
      "net_price": "24000.0000",
      "vat": 27,
      "quantity": 32
    }
  },
  {
    "model": "app.material",
    "pk": 5,
    "fields": {
      "sort_order": null,
      "category": 1,
      "name": "Hawaiian duck leather",
      "unit": 3,
      "price": "34000.0000",
      "net_price": "26771.6500",
      "vat": 27,
      "quantity": 0
    }
  },
  {
    "model": "app.producttype",
    "pk": 1,
    "fields": {
      "name": "Seat"
    }
  },
  {
    "model": "app.producttype",
    "pk": 2,
    "fields": {
      "name": "Arm rest"
    }
  },
  {
    "model": "app.producttype",
    "pk": 3,
    "fields": {
      "name": "Belt"
    }
  },
  {
    "model": "app.product",
    "pk": 1,
    "fields": {
      "name": "Gold tiger seat",
      "product_type": 1,
      "price": "245000.0000",
      "ready_made": false
    }
  },
  {
    "model": "app.product",
    "pk": 2,
    "fields": {
      "name": "Angry frog arm rest",
      "product_type": 2,
      "price": "276000.0000",
      "ready_made": false
    }
  },
  {
    "model": "app.product",
    "pk": 3,
    "fields": {
      "name": "Hawaiian duck belt",
      "product_type": 3,
      "price": "56000.0000",
      "ready_made": false
    }
  },
  {
    "model": "app.productpart",
    "pk": 1,
    "fields": {
      "sort_order": 0,
      "product": 1,
      "name": "Cover",
      "short_name": "",
      "material": 4,
      "material_quantity": 5.0
    }
  },
  {
    "model": "app.productpart",
    "pk": 2,
    "fields": {
      "sort_order": 1,
      "product": 1,
      "name": "Decor",
      "short_name": "",
      "material": 1,
      "material_quantity": 1.0
    }
  },
  {
    "model": "app.productpart",
    "pk": 3,
    "fields": {
      "sort_order": 0,
      "product": 2,
      "name": "Cover",
      "short_name": "",
      "material": 2,
      "material_quantity": 3.0
    }
  },
  {
    "model": "app.productpart",
    "pk": 4,
    "fields": {
      "sort_order": 1,
      "product": 2,
      "name": "Interior",
      "short_name": "",
      "material": 3,
      "material_quantity": 1.0
    }
  },
  {
    "model": "app.productpart",
    "pk": 5,
    "fields": {
      "sort_order": 0,
      "product": 3,
      "name": "Belt",
      "short_name": "",
      "material": 5,
      "material_quantity": 2.0
    }
  },
  {
    "model": "app.productlabel",
    "pk": 1,
    "fields": {
      "sort_order": 0,
      "name": "Cover",
      "product": 1
    }
  },
  {
    "model": "app.productlabel",
    "pk": 2,
    "fields": {
      "sort_order": 1,
      "name": "Decor",
      "product": 1
    }
  },
  {
    "model": "app.client",
    "pk": 1,
    "fields": {
      "name": "Tesla",
      "short_name": "Tesla",
      "phone_number": null,
      "email": "tesla@tesla.com",
      "billing_address": "3500 Deer Creek Road Palo Alto, CA 94304",
      "delivery_address": null,
      "company_identifier": null,
      "tax_id": "123123124231",
      "discount": null
    }
  },
  {
    "model": "app.client",
    "pk": 2,
    "fields": {
      "name": "BMW motorsports",
      "short_name": "BMW",
      "phone_number": "0209 10 46 48",
      "email": "bmw@bmw.com",
      "billing_address": "Friedrichstrasse 19, Gelsenkirchen",
      "delivery_address": null,
      "company_identifier": null,
      "tax_id": "542362323434",
      "discount": null
    }
  },
  {
    "model": "app.store",
    "pk": 1,
    "fields": {
      "sort_order": 0,
      "name": "Tesla Budapest",
      "delivery_address": null,
      "client": 1
    }
  },
  {
    "model": "app.store",
    "pk": 2,
    "fields": {
      "sort_order": 1,
      "name": "Tesla B\u00e9cs",
      "delivery_address": null,
      "client": 1
    }
  },
  {
    "model": "app.store",
    "pk": 3,
    "fields": {
      "sort_order": 0,
      "name": "BMW Debrecen",
      "delivery_address": null,
      "client": 2
    }
  },
  {
    "model": "app.store",
    "pk": 4,
    "fields": {
      "sort_order": 1,
      "name": "BMW Szeged",
      "delivery_address": null,
      "client": 2
    }
  },
  {
    "model": "app.orderedproduct",
    "pk": 1,
    "fields": {
      "product_order": 1,
      "status": 3,
      "price": "276000.00",
      "manufacture_plan": 1,
      "delivery_note": 1
    }
  },
  {
    "model": "app.orderedproduct",
    "pk": 2,
    "fields": {
      "product_order": 1,
      "status": 3,
      "price": "276000.00",
      "manufacture_plan": 1,
      "delivery_note": 1
    }
  },
  {
    "model": "app.orderedproduct",
    "pk": 3,
    "fields": {
      "product_order": 1,
      "status": 3,
      "price": "276000.00",
      "manufacture_plan": 1,
      "delivery_note": 1
    }
  },
  {
    "model": "app.orderedproduct",
    "pk": 4,
    "fields": {
      "product_order": 1,
      "status": 1,
      "price": "276000.00",
      "manufacture_plan": 1,
      "delivery_note": null
    }
  },
  {
    "model": "app.orderedproduct",
    "pk": 5,
    "fields": {
      "product_order": 1,
      "status": 1,
      "price": "276000.00",
      "manufacture_plan": 1,
      "delivery_note": null
    }
  },
  {
    "model": "app.orderedproduct",
    "pk": 6,
    "fields": {
      "product_order": 2,
      "status": 0,
      "price": "245000.00",
      "manufacture_plan": null,
      "delivery_note": null
    }
  },
  {
    "model": "app.orderedproduct",
    "pk": 7,
    "fields": {
      "product_order": 2,
      "status": 0,
      "price": "245000.00",
      "manufacture_plan": null,
      "delivery_note": null
    }
  },
  {
    "model": "app.orderedproduct",
    "pk": 8,
    "fields": {
      "product_order": 2,
      "status": 0,
      "price": "245000.00",
      "manufacture_plan": null,
      "delivery_note": null
    }
  },
  {
    "model": "app.orderedproduct",
    "pk": 9,
    "fields": {
      "product_order": 2,
      "status": 0,
      "price": "245000.00",
      "manufacture_plan": null,
      "delivery_note": null
    }
  },
  {
    "model": "app.orderedproduct",
    "pk": 10,
    "fields": {
      "product_order": 2,
      "status": 0,
      "price": "245000.00",
      "manufacture_plan": null,
      "delivery_note": null
    }
  },
  {
    "model": "app.orderedproduct",
    "pk": 11,
    "fields": {
      "product_order": 2,
      "status": 0,
      "price": "245000.00",
      "manufacture_plan": null,
      "delivery_note": null
    }
  },
  {
    "model": "app.orderedproduct",
    "pk": 12,
    "fields": {
      "product_order": 2,
      "status": 0,
      "price": "245000.00",
      "manufacture_plan": null,
      "delivery_note": null
    }
  },
  {
    "model": "app.orderedproduct",
    "pk": 13,
    "fields": {
      "product_order": 3,
      "status": 0,
      "price": "276000.00",
      "manufacture_plan": null,
      "delivery_note": null
    }
  },
  {
    "model": "app.orderedproduct",
    "pk": 14,
    "fields": {
      "product_order": 3,
      "status": 0,
      "price": "276000.00",
      "manufacture_plan": null,
      "delivery_note": null
    }
  },
  {
    "model": "app.orderedproduct",
    "pk": 15,
    "fields": {
      "product_order": 3,
      "status": 3,
      "price": "276000.00",
      "manufacture_plan": null,
      "delivery_note": 1
    }
  },
  {
    "model": "app.orderedproduct",
    "pk": 16,
    "fields": {
      "product_order": 3,
      "status": 0,
      "price": "276000.00",
      "manufacture_plan": null,
      "delivery_note": null
    }
  },
  {
    "model": "app.orderedproduct",
    "pk": 17,
    "fields": {
      "product_order": 4,
      "status": 0,
      "price": "245000.00",
      "manufacture_plan": null,
      "delivery_note": null
    }
  },
  {
    "model": "app.orderedproduct",
    "pk": 18,
    "fields": {
      "product_order": 4,
      "status": 0,
      "price": "245000.00",
      "manufacture_plan": null,
      "delivery_note": null
    }
  },
  {
    "model": "app.orderedproduct",
    "pk": 19,
    "fields": {
      "product_order": 4,
      "status": 0,
      "price": "245000.00",
      "manufacture_plan": null,
      "delivery_note": null
    }
  },
  {
    "model": "app.orderedproduct",
    "pk": 20,
    "fields": {
      "product_order": 4,
      "status": 0,
      "price": "245000.00",
      "manufacture_plan": null,
      "delivery_note": null
    }
  },
  {
    "model": "app.orderedproduct",
    "pk": 21,
    "fields": {
      "product_order": 4,
      "status": 0,
      "price": "245000.00",
      "manufacture_plan": null,
      "delivery_note": null
    }
  },
  {
    "model": "app.orderedproduct",
    "pk": 22,
    "fields": {
      "product_order": 4,
      "status": 0,
      "price": "245000.00",
      "manufacture_plan": null,
      "delivery_note": null
    }
  },
  {
    "model": "app.orderedproduct",
    "pk": 23,
    "fields": {
      "product_order": 4,
      "status": 0,
      "price": "245000.00",
      "manufacture_plan": null,
      "delivery_note": null
    }
  },
  {
    "model": "app.orderedproduct",
    "pk": 24,
    "fields": {
      "product_order": 4,
      "status": 0,
      "price": "245000.00",
      "manufacture_plan": null,
      "delivery_note": null
    }
  },
  {
    "model": "app.orderedproduct",
    "pk": 25,
    "fields": {
      "product_order": 4,
      "status": 0,
      "price": "245000.00",
      "manufacture_plan": null,
      "delivery_note": null
    }
  },
  {
    "model": "app.orderedproduct",
    "pk": 26,
    "fields": {
      "product_order": 4,
      "status": 0,
      "price": "245000.00",
      "manufacture_plan": null,
      "delivery_note": null
    }
  },
  {
    "model": "app.orderedproduct",
    "pk": 27,
    "fields": {
      "product_order": 4,
      "status": 0,
      "price": "245000.00",
      "manufacture_plan": null,
      "delivery_note": null
    }
  },
  {
    "model": "app.orderedproduct",
    "pk": 28,
    "fields": {
      "product_order": 4,
      "status": 0,
      "price": "245000.00",
      "manufacture_plan": null,
      "delivery_note": null
    }
  },
  {
    "model": "app.orderedproduct",
    "pk": 29,
    "fields": {
      "product_order": 4,
      "status": 0,
      "price": "245000.00",
      "manufacture_plan": null,
      "delivery_note": null
    }
  },
  {
    "model": "app.orderedproduct",
    "pk": 30,
    "fields": {
      "product_order": 4,
      "status": 0,
      "price": "245000.00",
      "manufacture_plan": null,
      "delivery_note": null
    }
  },
  {
    "model": "app.orderedproduct",
    "pk": 31,
    "fields": {
      "product_order": 5,
      "status": 0,
      "price": "276000.00",
      "manufacture_plan": null,
      "delivery_note": null
    }
  },
  {
    "model": "app.orderedproduct",
    "pk": 32,
    "fields": {
      "product_order": 6,
      "status": 0,
      "price": "276000.00",
      "manufacture_plan": null,
      "delivery_note": null
    }
  },
  {
    "model": "app.orderedproduct",
    "pk": 33,
    "fields": {
      "product_order": 6,
      "status": 0,
      "price": "276000.00",
      "manufacture_plan": null,
      "delivery_note": null
    }
  },
  {
    "model": "app.orderedproduct",
    "pk": 34,
    "fields": {
      "product_order": 6,
      "status": 0,
      "price": "276000.00",
      "manufacture_plan": null,
      "delivery_note": null
    }
  },
  {
    "model": "app.orderedproduct",
    "pk": 35,
    "fields": {
      "product_order": 7,
      "status": 0,
      "price": "245000.00",
      "manufacture_plan": null,
      "delivery_note": null
    }
  },
  {
    "model": "app.orderedproduct",
    "pk": 36,
    "fields": {
      "product_order": 7,
      "status": 0,
      "price": "245000.00",
      "manufacture_plan": null,
      "delivery_note": null
    }
  },
  {
    "model": "app.orderedproduct",
    "pk": 37,
    "fields": {
      "product_order": 8,
      "status": 0,
      "price": "245000.00",
      "manufacture_plan": null,
      "delivery_note": null
    }
  },
  {
    "model": "app.orderedproduct",
    "pk": 38,
    "fields": {
      "product_order": 8,
      "status": 0,
      "price": "245000.00",
      "manufacture_plan": null,
      "delivery_note": null
    }
  },
  {
    "model": "app.orderedproduct",
    "pk": 39,
    "fields": {
      "product_order": 8,
      "status": 0,
      "price": "245000.00",
      "manufacture_plan": null,
      "delivery_note": null
    }
  },
  {
    "model": "app.orderedproduct",
    "pk": 40,
    "fields": {
      "product_order": 8,
      "status": 0,
      "price": "245000.00",
      "manufacture_plan": null,
      "delivery_note": null
    }
  },
  {
    "model": "app.orderedproduct",
    "pk": 41,
    "fields": {
      "product_order": 8,
      "status": 0,
      "price": "245000.00",
      "manufacture_plan": null,
      "delivery_note": null
    }
  },
  {
    "model": "app.orderedproduct",
    "pk": 42,
    "fields": {
      "product_order": 8,
      "status": 0,
      "price": "245000.00",
      "manufacture_plan": null,
      "delivery_note": null
    }
  },
  {
    "model": "app.orderedproduct",
    "pk": 43,
    "fields": {
      "product_order": 8,
      "status": 0,
      "price": "245000.00",
      "manufacture_plan": null,
      "delivery_note": null
    }
  },
  {
    "model": "app.orderedproduct",
    "pk": 44,
    "fields": {
      "product_order": 8,
      "status": 0,
      "price": "245000.00",
      "manufacture_plan": null,
      "delivery_note": null
    }
  },
  {
    "model": "app.orderedproduct",
    "pk": 45,
    "fields": {
      "product_order": 8,
      "status": 0,
      "price": "245000.00",
      "manufacture_plan": null,
      "delivery_note": null
    }
  },
  {
    "model": "app.orderedproduct",
    "pk": 46,
    "fields": {
      "product_order": 8,
      "status": 0,
      "price": "245000.00",
      "manufacture_plan": null,
      "delivery_note": null
    }
  },
  {
    "model": "app.orderedproduct",
    "pk": 47,
    "fields": {
      "product_order": 9,
      "status": 0,
      "price": "245000.00",
      "manufacture_plan": null,
      "delivery_note": null
    }
  },
  {
    "model": "app.orderedproduct",
    "pk": 48,
    "fields": {
      "product_order": 9,
      "status": 0,
      "price": "245000.00",
      "manufacture_plan": null,
      "delivery_note": null
    }
  },
  {
    "model": "app.orderedproduct",
    "pk": 49,
    "fields": {
      "product_order": 9,
      "status": 0,
      "price": "245000.00",
      "manufacture_plan": null,
      "delivery_note": null
    }
  },
  {
    "model": "app.orderedproduct",
    "pk": 50,
    "fields": {
      "product_order": 9,
      "status": 0,
      "price": "245000.00",
      "manufacture_plan": null,
      "delivery_note": null
    }
  },
  {
    "model": "app.orderedproduct",
    "pk": 51,
    "fields": {
      "product_order": 10,
      "status": 0,
      "price": "245000.00",
      "manufacture_plan": null,
      "delivery_note": null
    }
  },
  {
    "model": "app.orderedproduct",
    "pk": 52,
    "fields": {
      "product_order": 10,
      "status": 0,
      "price": "245000.00",
      "manufacture_plan": null,
      "delivery_note": null
    }
  },
  {
    "model": "app.orderedproduct",
    "pk": 53,
    "fields": {
      "product_order": 10,
      "status": 0,
      "price": "245000.00",
      "manufacture_plan": null,
      "delivery_note": null
    }
  },
  {
    "model": "app.orderedproduct",
    "pk": 54,
    "fields": {
      "product_order": 11,
      "status": 0,
      "price": "276000.00",
      "manufacture_plan": null,
      "delivery_note": null
    }
  },
  {
    "model": "app.orderedproduct",
    "pk": 55,
    "fields": {
      "product_order": 11,
      "status": 0,
      "price": "276000.00",
      "manufacture_plan": null,
      "delivery_note": null
    }
  },
  {
    "model": "app.orderedproduct",
    "pk": 56,
    "fields": {
      "product_order": 11,
      "status": 0,
      "price": "276000.00",
      "manufacture_plan": null,
      "delivery_note": null
    }
  },
  {
    "model": "app.orderedproduct",
    "pk": 57,
    "fields": {
      "product_order": 11,
      "status": 0,
      "price": "276000.00",
      "manufacture_plan": null,
      "delivery_note": null
    }
  },
  {
    "model": "app.orderedproduct",
    "pk": 58,
    "fields": {
      "product_order": 12,
      "status": 0,
      "price": "245000.00",
      "manufacture_plan": null,
      "delivery_note": null
    }
  },
  {
    "model": "app.orderedproduct",
    "pk": 59,
    "fields": {
      "product_order": 13,
      "status": 0,
      "price": "56000.00",
      "manufacture_plan": null,
      "delivery_note": null
    }
  },
  {
    "model": "app.orderedproduct",
    "pk": 60,
    "fields": {
      "product_order": 13,
      "status": 0,
      "price": "56000.00",
      "manufacture_plan": null,
      "delivery_note": null
    }
  },
  {
    "model": "app.orderedproduct",
    "pk": 61,
    "fields": {
      "product_order": 13,
      "status": 0,
      "price": "56000.00",
      "manufacture_plan": null,
      "delivery_note": null
    }
  },
  {
    "model": "app.orderedproduct",
    "pk": 62,
    "fields": {
      "product_order": 13,
      "status": 0,
      "price": "56000.00",
      "manufacture_plan": null,
      "delivery_note": null
    }
  },
  {
    "model": "app.orderedproductlabel",
    "pk": 1,
    "fields": {
      "name": "Cover",
      "ordered_product": 6,
      "status": 0
    }
  },
  {
    "model": "app.orderedproductlabel",
    "pk": 2,
    "fields": {
      "name": "Decor",
      "ordered_product": 6,
      "status": 0
    }
  },
  {
    "model": "app.orderedproductlabel",
    "pk": 3,
    "fields": {
      "name": "Cover",
      "ordered_product": 7,
      "status": 0
    }
  },
  {
    "model": "app.orderedproductlabel",
    "pk": 4,
    "fields": {
      "name": "Decor",
      "ordered_product": 7,
      "status": 0
    }
  },
  {
    "model": "app.orderedproductlabel",
    "pk": 5,
    "fields": {
      "name": "Cover",
      "ordered_product": 8,
      "status": 0
    }
  },
  {
    "model": "app.orderedproductlabel",
    "pk": 6,
    "fields": {
      "name": "Decor",
      "ordered_product": 8,
      "status": 0
    }
  },
  {
    "model": "app.orderedproductlabel",
    "pk": 7,
    "fields": {
      "name": "Cover",
      "ordered_product": 9,
      "status": 0
    }
  },
  {
    "model": "app.orderedproductlabel",
    "pk": 8,
    "fields": {
      "name": "Decor",
      "ordered_product": 9,
      "status": 0
    }
  },
  {
    "model": "app.orderedproductlabel",
    "pk": 9,
    "fields": {
      "name": "Cover",
      "ordered_product": 10,
      "status": 0
    }
  },
  {
    "model": "app.orderedproductlabel",
    "pk": 10,
    "fields": {
      "name": "Decor",
      "ordered_product": 10,
      "status": 0
    }
  },
  {
    "model": "app.orderedproductlabel",
    "pk": 11,
    "fields": {
      "name": "Cover",
      "ordered_product": 11,
      "status": 0
    }
  },
  {
    "model": "app.orderedproductlabel",
    "pk": 12,
    "fields": {
      "name": "Decor",
      "ordered_product": 11,
      "status": 0
    }
  },
  {
    "model": "app.orderedproductlabel",
    "pk": 13,
    "fields": {
      "name": "Cover",
      "ordered_product": 12,
      "status": 0
    }
  },
  {
    "model": "app.orderedproductlabel",
    "pk": 14,
    "fields": {
      "name": "Decor",
      "ordered_product": 12,
      "status": 0
    }
  },
  {
    "model": "app.orderedproductlabel",
    "pk": 15,
    "fields": {
      "name": "Cover",
      "ordered_product": 17,
      "status": 0
    }
  },
  {
    "model": "app.orderedproductlabel",
    "pk": 16,
    "fields": {
      "name": "Decor",
      "ordered_product": 17,
      "status": 0
    }
  },
  {
    "model": "app.orderedproductlabel",
    "pk": 17,
    "fields": {
      "name": "Cover",
      "ordered_product": 18,
      "status": 0
    }
  },
  {
    "model": "app.orderedproductlabel",
    "pk": 18,
    "fields": {
      "name": "Decor",
      "ordered_product": 18,
      "status": 0
    }
  },
  {
    "model": "app.orderedproductlabel",
    "pk": 19,
    "fields": {
      "name": "Cover",
      "ordered_product": 19,
      "status": 0
    }
  },
  {
    "model": "app.orderedproductlabel",
    "pk": 20,
    "fields": {
      "name": "Decor",
      "ordered_product": 19,
      "status": 0
    }
  },
  {
    "model": "app.orderedproductlabel",
    "pk": 21,
    "fields": {
      "name": "Cover",
      "ordered_product": 20,
      "status": 0
    }
  },
  {
    "model": "app.orderedproductlabel",
    "pk": 22,
    "fields": {
      "name": "Decor",
      "ordered_product": 20,
      "status": 0
    }
  },
  {
    "model": "app.orderedproductlabel",
    "pk": 23,
    "fields": {
      "name": "Cover",
      "ordered_product": 21,
      "status": 0
    }
  },
  {
    "model": "app.orderedproductlabel",
    "pk": 24,
    "fields": {
      "name": "Decor",
      "ordered_product": 21,
      "status": 0
    }
  },
  {
    "model": "app.orderedproductlabel",
    "pk": 25,
    "fields": {
      "name": "Cover",
      "ordered_product": 22,
      "status": 0
    }
  },
  {
    "model": "app.orderedproductlabel",
    "pk": 26,
    "fields": {
      "name": "Decor",
      "ordered_product": 22,
      "status": 0
    }
  },
  {
    "model": "app.orderedproductlabel",
    "pk": 27,
    "fields": {
      "name": "Cover",
      "ordered_product": 23,
      "status": 0
    }
  },
  {
    "model": "app.orderedproductlabel",
    "pk": 28,
    "fields": {
      "name": "Decor",
      "ordered_product": 23,
      "status": 0
    }
  },
  {
    "model": "app.orderedproductlabel",
    "pk": 29,
    "fields": {
      "name": "Cover",
      "ordered_product": 24,
      "status": 0
    }
  },
  {
    "model": "app.orderedproductlabel",
    "pk": 30,
    "fields": {
      "name": "Decor",
      "ordered_product": 24,
      "status": 0
    }
  },
  {
    "model": "app.orderedproductlabel",
    "pk": 31,
    "fields": {
      "name": "Cover",
      "ordered_product": 25,
      "status": 0
    }
  },
  {
    "model": "app.orderedproductlabel",
    "pk": 32,
    "fields": {
      "name": "Decor",
      "ordered_product": 25,
      "status": 0
    }
  },
  {
    "model": "app.orderedproductlabel",
    "pk": 33,
    "fields": {
      "name": "Cover",
      "ordered_product": 26,
      "status": 0
    }
  },
  {
    "model": "app.orderedproductlabel",
    "pk": 34,
    "fields": {
      "name": "Decor",
      "ordered_product": 26,
      "status": 0
    }
  },
  {
    "model": "app.orderedproductlabel",
    "pk": 35,
    "fields": {
      "name": "Cover",
      "ordered_product": 27,
      "status": 0
    }
  },
  {
    "model": "app.orderedproductlabel",
    "pk": 36,
    "fields": {
      "name": "Decor",
      "ordered_product": 27,
      "status": 0
    }
  },
  {
    "model": "app.orderedproductlabel",
    "pk": 37,
    "fields": {
      "name": "Cover",
      "ordered_product": 28,
      "status": 0
    }
  },
  {
    "model": "app.orderedproductlabel",
    "pk": 38,
    "fields": {
      "name": "Decor",
      "ordered_product": 28,
      "status": 0
    }
  },
  {
    "model": "app.orderedproductlabel",
    "pk": 39,
    "fields": {
      "name": "Cover",
      "ordered_product": 29,
      "status": 0
    }
  },
  {
    "model": "app.orderedproductlabel",
    "pk": 40,
    "fields": {
      "name": "Decor",
      "ordered_product": 29,
      "status": 0
    }
  },
  {
    "model": "app.orderedproductlabel",
    "pk": 41,
    "fields": {
      "name": "Cover",
      "ordered_product": 30,
      "status": 0
    }
  },
  {
    "model": "app.orderedproductlabel",
    "pk": 42,
    "fields": {
      "name": "Decor",
      "ordered_product": 30,
      "status": 0
    }
  },
  {
    "model": "app.orderedproductlabel",
    "pk": 43,
    "fields": {
      "name": "Cover",
      "ordered_product": 35,
      "status": 0
    }
  },
  {
    "model": "app.orderedproductlabel",
    "pk": 44,
    "fields": {
      "name": "Decor",
      "ordered_product": 35,
      "status": 0
    }
  },
  {
    "model": "app.orderedproductlabel",
    "pk": 45,
    "fields": {
      "name": "Cover",
      "ordered_product": 36,
      "status": 0
    }
  },
  {
    "model": "app.orderedproductlabel",
    "pk": 46,
    "fields": {
      "name": "Decor",
      "ordered_product": 36,
      "status": 0
    }
  },
  {
    "model": "app.orderedproductlabel",
    "pk": 47,
    "fields": {
      "name": "Cover",
      "ordered_product": 37,
      "status": 0
    }
  },
  {
    "model": "app.orderedproductlabel",
    "pk": 48,
    "fields": {
      "name": "Decor",
      "ordered_product": 37,
      "status": 0
    }
  },
  {
    "model": "app.orderedproductlabel",
    "pk": 49,
    "fields": {
      "name": "Cover",
      "ordered_product": 38,
      "status": 0
    }
  },
  {
    "model": "app.orderedproductlabel",
    "pk": 50,
    "fields": {
      "name": "Decor",
      "ordered_product": 38,
      "status": 0
    }
  },
  {
    "model": "app.orderedproductlabel",
    "pk": 51,
    "fields": {
      "name": "Cover",
      "ordered_product": 39,
      "status": 0
    }
  },
  {
    "model": "app.orderedproductlabel",
    "pk": 52,
    "fields": {
      "name": "Decor",
      "ordered_product": 39,
      "status": 0
    }
  },
  {
    "model": "app.orderedproductlabel",
    "pk": 53,
    "fields": {
      "name": "Cover",
      "ordered_product": 40,
      "status": 0
    }
  },
  {
    "model": "app.orderedproductlabel",
    "pk": 54,
    "fields": {
      "name": "Decor",
      "ordered_product": 40,
      "status": 0
    }
  },
  {
    "model": "app.orderedproductlabel",
    "pk": 55,
    "fields": {
      "name": "Cover",
      "ordered_product": 41,
      "status": 0
    }
  },
  {
    "model": "app.orderedproductlabel",
    "pk": 56,
    "fields": {
      "name": "Decor",
      "ordered_product": 41,
      "status": 0
    }
  },
  {
    "model": "app.orderedproductlabel",
    "pk": 57,
    "fields": {
      "name": "Cover",
      "ordered_product": 42,
      "status": 0
    }
  },
  {
    "model": "app.orderedproductlabel",
    "pk": 58,
    "fields": {
      "name": "Decor",
      "ordered_product": 42,
      "status": 0
    }
  },
  {
    "model": "app.orderedproductlabel",
    "pk": 59,
    "fields": {
      "name": "Cover",
      "ordered_product": 43,
      "status": 0
    }
  },
  {
    "model": "app.orderedproductlabel",
    "pk": 60,
    "fields": {
      "name": "Decor",
      "ordered_product": 43,
      "status": 0
    }
  },
  {
    "model": "app.orderedproductlabel",
    "pk": 61,
    "fields": {
      "name": "Cover",
      "ordered_product": 44,
      "status": 0
    }
  },
  {
    "model": "app.orderedproductlabel",
    "pk": 62,
    "fields": {
      "name": "Decor",
      "ordered_product": 44,
      "status": 0
    }
  },
  {
    "model": "app.orderedproductlabel",
    "pk": 63,
    "fields": {
      "name": "Cover",
      "ordered_product": 45,
      "status": 0
    }
  },
  {
    "model": "app.orderedproductlabel",
    "pk": 64,
    "fields": {
      "name": "Decor",
      "ordered_product": 45,
      "status": 0
    }
  },
  {
    "model": "app.orderedproductlabel",
    "pk": 65,
    "fields": {
      "name": "Cover",
      "ordered_product": 46,
      "status": 0
    }
  },
  {
    "model": "app.orderedproductlabel",
    "pk": 66,
    "fields": {
      "name": "Decor",
      "ordered_product": 46,
      "status": 0
    }
  },
  {
    "model": "app.orderedproductlabel",
    "pk": 67,
    "fields": {
      "name": "Cover",
      "ordered_product": 47,
      "status": 0
    }
  },
  {
    "model": "app.orderedproductlabel",
    "pk": 68,
    "fields": {
      "name": "Decor",
      "ordered_product": 47,
      "status": 0
    }
  },
  {
    "model": "app.orderedproductlabel",
    "pk": 69,
    "fields": {
      "name": "Cover",
      "ordered_product": 48,
      "status": 0
    }
  },
  {
    "model": "app.orderedproductlabel",
    "pk": 70,
    "fields": {
      "name": "Decor",
      "ordered_product": 48,
      "status": 0
    }
  },
  {
    "model": "app.orderedproductlabel",
    "pk": 71,
    "fields": {
      "name": "Cover",
      "ordered_product": 49,
      "status": 0
    }
  },
  {
    "model": "app.orderedproductlabel",
    "pk": 72,
    "fields": {
      "name": "Decor",
      "ordered_product": 49,
      "status": 0
    }
  },
  {
    "model": "app.orderedproductlabel",
    "pk": 73,
    "fields": {
      "name": "Cover",
      "ordered_product": 50,
      "status": 0
    }
  },
  {
    "model": "app.orderedproductlabel",
    "pk": 74,
    "fields": {
      "name": "Decor",
      "ordered_product": 50,
      "status": 0
    }
  },
  {
    "model": "app.orderedproductlabel",
    "pk": 75,
    "fields": {
      "name": "Cover",
      "ordered_product": 51,
      "status": 0
    }
  },
  {
    "model": "app.orderedproductlabel",
    "pk": 76,
    "fields": {
      "name": "Decor",
      "ordered_product": 51,
      "status": 0
    }
  },
  {
    "model": "app.orderedproductlabel",
    "pk": 77,
    "fields": {
      "name": "Cover",
      "ordered_product": 52,
      "status": 0
    }
  },
  {
    "model": "app.orderedproductlabel",
    "pk": 78,
    "fields": {
      "name": "Decor",
      "ordered_product": 52,
      "status": 0
    }
  },
  {
    "model": "app.orderedproductlabel",
    "pk": 79,
    "fields": {
      "name": "Cover",
      "ordered_product": 53,
      "status": 0
    }
  },
  {
    "model": "app.orderedproductlabel",
    "pk": 80,
    "fields": {
      "name": "Decor",
      "ordered_product": 53,
      "status": 0
    }
  },
  {
    "model": "app.orderedproductlabel",
    "pk": 81,
    "fields": {
      "name": "Cover",
      "ordered_product": 58,
      "status": 0
    }
  },
  {
    "model": "app.orderedproductlabel",
    "pk": 82,
    "fields": {
      "name": "Decor",
      "ordered_product": 58,
      "status": 0
    }
  },
  {
    "model": "app.order",
    "pk": 1,
    "fields": {
      "client": 1,
      "store": 1,
      "billing_address": "3500 Deer Creek Road Palo Alto, CA 94304",
      "delivery_address": "3500 Deer Creek Road Palo Alto, CA 94304",
      "order_timestamp": "2019-04-19T13:45:00Z",
      "delivery_timestamp": "2019-04-26",
      "status": 0,
      "note": ""
    }
  },
  {
    "model": "app.order",
    "pk": 2,
    "fields": {
      "client": 2,
      "store": 4,
      "billing_address": "Friedrichstrasse 19, Gelsenkirchen",
      "delivery_address": "Friedrichstrasse 19, Gelsenkirchen",
      "order_timestamp": "2019-04-19T13:45:00Z",
      "delivery_timestamp": "2019-04-26",
      "status": 0,
      "note": ""
    }
  },
  {
    "model": "app.order",
    "pk": 3,
    "fields": {
      "client": 1,
      "store": 2,
      "billing_address": "3500 Deer Creek Road Palo Alto, CA 94304",
      "delivery_address": "3500 Deer Creek Road Palo Alto, CA 94304",
      "order_timestamp": "2019-04-19T17:38:00Z",
      "delivery_timestamp": "2019-04-26",
      "status": 0,
      "note": ""
    }
  },
  {
    "model": "app.order",
    "pk": 4,
    "fields": {
      "client": 2,
      "store": 3,
      "billing_address": "Friedrichstrasse 19, Gelsenkirchen",
      "delivery_address": "Friedrichstrasse 19, Gelsenkirchen",
      "order_timestamp": "2019-05-12T13:01:00Z",
      "delivery_timestamp": "2019-05-19",
      "status": 0,
      "note": ""
    }
  },
  {
    "model": "app.order",
    "pk": 5,
    "fields": {
      "client": 1,
      "store": 1,
      "billing_address": "3500 Deer Creek Road Palo Alto, CA 94304",
      "delivery_address": "3500 Deer Creek Road Palo Alto, CA 94304",
      "order_timestamp": "2019-05-08T13:05:00Z",
      "delivery_timestamp": "2019-05-19",
      "status": 0,
      "note": ""
    }
  },
  {
    "model": "app.order",
    "pk": 6,
    "fields": {
      "client": 2,
      "store": 3,
      "billing_address": "Friedrichstrasse 19, Gelsenkirchen",
      "delivery_address": "Friedrichstrasse 19, Gelsenkirchen",
      "order_timestamp": "2019-05-06T13:05:00Z",
      "delivery_timestamp": "2019-05-19",
      "status": 0,
      "note": ""
    }
  },
  {
    "model": "app.order",
    "pk": 7,
    "fields": {
      "client": 2,
      "store": 4,
      "billing_address": "Friedrichstrasse 19, Gelsenkirchen",
      "delivery_address": "Friedrichstrasse 19, Gelsenkirchen",
      "order_timestamp": "2019-05-09T13:06:00Z",
      "delivery_timestamp": "2019-05-19",
      "status": 0,
      "note": ""
    }
  },
  {
    "model": "app.order",
    "pk": 8,
    "fields": {
      "client": 2,
      "store": 3,
      "billing_address": "Friedrichstrasse 19, Gelsenkirchen",
      "delivery_address": "Friedrichstrasse 19, Gelsenkirchen",
      "order_timestamp": "2018-10-17T13:06:00Z",
      "delivery_timestamp": "2019-05-19",
      "status": 0,
      "note": ""
    }
  },
  {
    "model": "app.order",
    "pk": 9,
    "fields": {
      "client": 2,
      "store": 3,
      "billing_address": "Friedrichstrasse 19, Gelsenkirchen",
      "delivery_address": "Friedrichstrasse 19, Gelsenkirchen",
      "order_timestamp": "2019-01-18T14:07:00Z",
      "delivery_timestamp": "2019-05-19",
      "status": 0,
      "note": ""
    }
  },
  {
    "model": "app.order",
    "pk": 10,
    "fields": {
      "client": 1,
      "store": 1,
      "billing_address": "3500 Deer Creek Road Palo Alto, CA 94304",
      "delivery_address": "3500 Deer Creek Road Palo Alto, CA 94304",
      "order_timestamp": "2019-05-05T13:11:00Z",
      "delivery_timestamp": "2019-05-19",
      "status": 0,
      "note": ""
    }
  },
  {
    "model": "app.productorder",
    "pk": 1,
    "fields": {
      "sort_order": null,
      "order": 1,
      "product": 2,
      "quantity": 5,
      "price": "276000.00",
      "note": ""
    }
  },
  {
    "model": "app.productorder",
    "pk": 2,
    "fields": {
      "sort_order": null,
      "order": 1,
      "product": 1,
      "quantity": 7,
      "price": "245000.00",
      "note": ""
    }
  },
  {
    "model": "app.productorder",
    "pk": 3,
    "fields": {
      "sort_order": null,
      "order": 2,
      "product": 2,
      "quantity": 4,
      "price": "276000.00",
      "note": ""
    }
  },
  {
    "model": "app.productorder",
    "pk": 4,
    "fields": {
      "sort_order": null,
      "order": 3,
      "product": 1,
      "quantity": 14,
      "price": "245000.00",
      "note": ""
    }
  },
  {
    "model": "app.productorder",
    "pk": 5,
    "fields": {
      "sort_order": null,
      "order": 4,
      "product": 2,
      "quantity": 1,
      "price": "276000.00",
      "note": ""
    }
  },
  {
    "model": "app.productorder",
    "pk": 6,
    "fields": {
      "sort_order": null,
      "order": 4,
      "product": 2,
      "quantity": 3,
      "price": "276000.00",
      "note": ""
    }
  },
  {
    "model": "app.productorder",
    "pk": 7,
    "fields": {
      "sort_order": null,
      "order": 4,
      "product": 1,
      "quantity": 2,
      "price": "245000.00",
      "note": ""
    }
  },
  {
    "model": "app.productorder",
    "pk": 8,
    "fields": {
      "sort_order": null,
      "order": 5,
      "product": 1,
      "quantity": 10,
      "price": "245000.00",
      "note": ""
    }
  },
  {
    "model": "app.productorder",
    "pk": 9,
    "fields": {
      "sort_order": null,
      "order": 6,
      "product": 1,
      "quantity": 4,
      "price": "245000.00",
      "note": ""
    }
  },
  {
    "model": "app.productorder",
    "pk": 10,
    "fields": {
      "sort_order": null,
      "order": 7,
      "product": 1,
      "quantity": 3,
      "price": "245000.00",
      "note": ""
    }
  },
  {
    "model": "app.productorder",
    "pk": 11,
    "fields": {
      "sort_order": null,
      "order": 8,
      "product": 2,
      "quantity": 4,
      "price": "276000.00",
      "note": ""
    }
  },
  {
    "model": "app.productorder",
    "pk": 12,
    "fields": {
      "sort_order": null,
      "order": 9,
      "product": 1,
      "quantity": 1,
      "price": "245000.00",
      "note": ""
    }
  },
  {
    "model": "app.productorder",
    "pk": 13,
    "fields": {
      "sort_order": null,
      "order": 10,
      "product": 3,
      "quantity": 4,
      "price": "56000.00",
      "note": ""
    }
  },
  {
    "model": "app.productorderpart",
    "pk": 1,
    "fields": {
      "sort_order": null,
      "product_order": 1,
      "name": "Cover",
      "short_name": "",
      "material": 2,
      "material_quantity": 3.0,
      "price": "91440.00",
      "net_price": "72000.0000",
      "vat": 27
    }
  },
  {
    "model": "app.productorderpart",
    "pk": 2,
    "fields": {
      "sort_order": null,
      "product_order": 1,
      "name": "Interior",
      "short_name": "",
      "material": 3,
      "material_quantity": 1.0,
      "price": "43815.00",
      "net_price": "34500.0000",
      "vat": 27
    }
  },
  {
    "model": "app.productorderpart",
    "pk": 3,
    "fields": {
      "sort_order": null,
      "product_order": 2,
      "name": "Cover",
      "short_name": "",
      "material": 4,
      "material_quantity": 5.0,
      "price": "152400.00",
      "net_price": "120000.0000",
      "vat": 27
    }
  },
  {
    "model": "app.productorderpart",
    "pk": 4,
    "fields": {
      "sort_order": null,
      "product_order": 2,
      "name": "Decor",
      "short_name": "",
      "material": 1,
      "material_quantity": 1.0,
      "price": "17780.00",
      "net_price": "14000.0000",
      "vat": 27
    }
  },
  {
    "model": "app.productorderpart",
    "pk": 5,
    "fields": {
      "sort_order": null,
      "product_order": 3,
      "name": "Cover",
      "short_name": "",
      "material": 2,
      "material_quantity": 3.0,
      "price": "91440.00",
      "net_price": "72000.0000",
      "vat": 27
    }
  },
  {
    "model": "app.productorderpart",
    "pk": 6,
    "fields": {
      "sort_order": null,
      "product_order": 3,
      "name": "Interior",
      "short_name": "",
      "material": 3,
      "material_quantity": 1.0,
      "price": "43815.00",
      "net_price": "34500.0000",
      "vat": 27
    }
  },
  {
    "model": "app.productorderpart",
    "pk": 7,
    "fields": {
      "sort_order": null,
      "product_order": 4,
      "name": "Cover",
      "short_name": "",
      "material": 4,
      "material_quantity": 5.0,
      "price": "152400.00",
      "net_price": "120000.0000",
      "vat": 27
    }
  },
  {
    "model": "app.productorderpart",
    "pk": 8,
    "fields": {
      "sort_order": null,
      "product_order": 4,
      "name": "Decor",
      "short_name": "",
      "material": 1,
      "material_quantity": 1.0,
      "price": "17780.00",
      "net_price": "14000.0000",
      "vat": 27
    }
  },
  {
    "model": "app.productorderpart",
    "pk": 9,
    "fields": {
      "sort_order": null,
      "product_order": 5,
      "name": "Cover",
      "short_name": "",
      "material": 2,
      "material_quantity": 3.0,
      "price": "91440.00",
      "net_price": "72000.0000",
      "vat": 27
    }
  },
  {
    "model": "app.productorderpart",
    "pk": 10,
    "fields": {
      "sort_order": null,
      "product_order": 5,
      "name": "Interior",
      "short_name": "",
      "material": 3,
      "material_quantity": 1.0,
      "price": "43815.00",
      "net_price": "34500.0000",
      "vat": 27
    }
  },
  {
    "model": "app.productorderpart",
    "pk": 11,
    "fields": {
      "sort_order": null,
      "product_order": 6,
      "name": "Cover",
      "short_name": "",
      "material": 2,
      "material_quantity": 3.0,
      "price": "91440.00",
      "net_price": "72000.0000",
      "vat": 27
    }
  },
  {
    "model": "app.productorderpart",
    "pk": 12,
    "fields": {
      "sort_order": null,
      "product_order": 6,
      "name": "Interior",
      "short_name": "",
      "material": 4,
      "material_quantity": 1.0,
      "price": "30480.00",
      "net_price": "34500.0000",
      "vat": 27
    }
  },
  {
    "model": "app.productorderpart",
    "pk": 13,
    "fields": {
      "sort_order": null,
      "product_order": 7,
      "name": "Cover",
      "short_name": "",
      "material": 4,
      "material_quantity": 5.0,
      "price": "152400.00",
      "net_price": "120000.0000",
      "vat": 27
    }
  },
  {
    "model": "app.productorderpart",
    "pk": 14,
    "fields": {
      "sort_order": null,
      "product_order": 7,
      "name": "Decor",
      "short_name": "",
      "material": 1,
      "material_quantity": 1.0,
      "price": "17780.00",
      "net_price": "14000.0000",
      "vat": 27
    }
  },
  {
    "model": "app.productorderpart",
    "pk": 15,
    "fields": {
      "sort_order": null,
      "product_order": 8,
      "name": "Cover",
      "short_name": "",
      "material": 4,
      "material_quantity": 5.0,
      "price": "152400.00",
      "net_price": "120000.0000",
      "vat": 27
    }
  },
  {
    "model": "app.productorderpart",
    "pk": 16,
    "fields": {
      "sort_order": null,
      "product_order": 8,
      "name": "Decor",
      "short_name": "",
      "material": 1,
      "material_quantity": 1.0,
      "price": "17780.00",
      "net_price": "14000.0000",
      "vat": 27
    }
  },
  {
    "model": "app.productorderpart",
    "pk": 17,
    "fields": {
      "sort_order": null,
      "product_order": 9,
      "name": "Cover",
      "short_name": "",
      "material": 4,
      "material_quantity": 5.0,
      "price": "152400.00",
      "net_price": "120000.0000",
      "vat": 27
    }
  },
  {
    "model": "app.productorderpart",
    "pk": 18,
    "fields": {
      "sort_order": null,
      "product_order": 9,
      "name": "Decor",
      "short_name": "",
      "material": 1,
      "material_quantity": 1.0,
      "price": "17780.00",
      "net_price": "14000.0000",
      "vat": 27
    }
  },
  {
    "model": "app.productorderpart",
    "pk": 19,
    "fields": {
      "sort_order": null,
      "product_order": 10,
      "name": "Cover",
      "short_name": "",
      "material": 3,
      "material_quantity": 5.0,
      "price": "219075.00",
      "net_price": "120000.0000",
      "vat": 27
    }
  },
  {
    "model": "app.productorderpart",
    "pk": 20,
    "fields": {
      "sort_order": null,
      "product_order": 10,
      "name": "Decor",
      "short_name": "",
      "material": 1,
      "material_quantity": 1.0,
      "price": "17780.00",
      "net_price": "14000.0000",
      "vat": 27
    }
  },
  {
    "model": "app.productorderpart",
    "pk": 21,
    "fields": {
      "sort_order": null,
      "product_order": 11,
      "name": "Cover",
      "short_name": "",
      "material": 2,
      "material_quantity": 3.0,
      "price": "91440.00",
      "net_price": "72000.0000",
      "vat": 27
    }
  },
  {
    "model": "app.productorderpart",
    "pk": 22,
    "fields": {
      "sort_order": null,
      "product_order": 11,
      "name": "Interior",
      "short_name": "",
      "material": 3,
      "material_quantity": 1.0,
      "price": "43815.00",
      "net_price": "34500.0000",
      "vat": 27
    }
  },
  {
    "model": "app.productorderpart",
    "pk": 23,
    "fields": {
      "sort_order": null,
      "product_order": 12,
      "name": "Cover",
      "short_name": "",
      "material": 4,
      "material_quantity": 5.0,
      "price": "152400.00",
      "net_price": "120000.0000",
      "vat": 27
    }
  },
  {
    "model": "app.productorderpart",
    "pk": 24,
    "fields": {
      "sort_order": null,
      "product_order": 12,
      "name": "Decor",
      "short_name": "",
      "material": 2,
      "material_quantity": 1.0,
      "price": "30480.00",
      "net_price": "14000.0000",
      "vat": 27
    }
  },
  {
    "model": "app.productorderpart",
    "pk": 25,
    "fields": {
      "sort_order": null,
      "product_order": 13,
      "name": "Belt",
      "short_name": "",
      "material": 5,
      "material_quantity": 2.0,
      "price": "68000.00",
      "net_price": "53543.3000",
      "vat": 27
    }
  },
  {
    "model": "app.manufactureplan",
    "pk": 1,
    "fields": {
      "identification_number": "1",
      "date": "2019-04-19",
      "status": 0
    }
  },
  {
    "model": "app.deliverynote",
    "pk": 1,
    "fields": {
      "client": 1,
      "delivery_timestamp": "2019-04-30",
      "status": 0,
      "voucher_number": "12345",
      "delivery_address": null,
      "delivery_price": "0.00",
      "delivery_percent": "8",
      "fulfillment_timestamp": "2019-05-19",
      "created_timestamp": "2019-04-19",
      "payed_with": 0
    }
  },
  {
    "model": "wagtailcore.site",
    "pk": 1,
    "fields": {
      "hostname": "localhost",
      "port": 80,
      "site_name": null,
      "root_page": 2,
      "is_default_site": true
    }
  },
  {
    "model": "wagtailcore.collection",
    "pk": 1,
    "fields": {
      "path": "0001",
      "depth": 1,
      "numchild": 0,
      "name": "Root"
    }
  },
  {
    "model": "auth.permission",
    "pk": 1,
    "fields": {
      "name": "Can access Wagtail admin",
      "content_type": 2,
      "codename": "access_admin"
    }
  },
  {
    "model": "auth.permission",
    "pk": 2,
    "fields": {
      "name": "Can add document",
      "content_type": 3,
      "codename": "add_document"
    }
  },
  {
    "model": "auth.permission",
    "pk": 3,
    "fields": {
      "name": "Can change document",
      "content_type": 3,
      "codename": "change_document"
    }
  },
  {
    "model": "auth.permission",
    "pk": 4,
    "fields": {
      "name": "Can delete document",
      "content_type": 3,
      "codename": "delete_document"
    }
  },
  {
    "model": "auth.permission",
    "pk": 5,
    "fields": {
      "name": "Can add image",
      "content_type": 4,
      "codename": "add_image"
    }
  },
  {
    "model": "auth.permission",
    "pk": 6,
    "fields": {
      "name": "Can change image",
      "content_type": 4,
      "codename": "change_image"
    }
  },
  {
    "model": "auth.permission",
    "pk": 7,
    "fields": {
      "name": "Can delete image",
      "content_type": 4,
      "codename": "delete_image"
    }
  },
  {
    "model": "auth.permission",
    "pk": 8,
    "fields": {
      "name": "Can add permission",
      "content_type": 5,
      "codename": "add_permission"
    }
  },
  {
    "model": "auth.permission",
    "pk": 9,
    "fields": {
      "name": "Can change permission",
      "content_type": 5,
      "codename": "change_permission"
    }
  },
  {
    "model": "auth.permission",
    "pk": 10,
    "fields": {
      "name": "Can delete permission",
      "content_type": 5,
      "codename": "delete_permission"
    }
  },
  {
    "model": "auth.permission",
    "pk": 11,
    "fields": {
      "name": "Can add group",
      "content_type": 6,
      "codename": "add_group"
    }
  },
  {
    "model": "auth.permission",
    "pk": 12,
    "fields": {
      "name": "Can change group",
      "content_type": 6,
      "codename": "change_group"
    }
  },
  {
    "model": "auth.permission",
    "pk": 13,
    "fields": {
      "name": "Can delete group",
      "content_type": 6,
      "codename": "delete_group"
    }
  },
  {
    "model": "auth.permission",
    "pk": 14,
    "fields": {
      "name": "Can add content type",
      "content_type": 7,
      "codename": "add_contenttype"
    }
  },
  {
    "model": "auth.permission",
    "pk": 15,
    "fields": {
      "name": "Can change content type",
      "content_type": 7,
      "codename": "change_contenttype"
    }
  },
  {
    "model": "auth.permission",
    "pk": 16,
    "fields": {
      "name": "Can delete content type",
      "content_type": 7,
      "codename": "delete_contenttype"
    }
  },
  {
    "model": "auth.permission",
    "pk": 17,
    "fields": {
      "name": "Can add session",
      "content_type": 8,
      "codename": "add_session"
    }
  },
  {
    "model": "auth.permission",
    "pk": 18,
    "fields": {
      "name": "Can change session",
      "content_type": 8,
      "codename": "change_session"
    }
  },
  {
    "model": "auth.permission",
    "pk": 19,
    "fields": {
      "name": "Can delete session",
      "content_type": 8,
      "codename": "delete_session"
    }
  },
  {
    "model": "auth.permission",
    "pk": 20,
    "fields": {
      "name": "Can add log entry",
      "content_type": 9,
      "codename": "add_logentry"
    }
  },
  {
    "model": "auth.permission",
    "pk": 21,
    "fields": {
      "name": "Can change log entry",
      "content_type": 9,
      "codename": "change_logentry"
    }
  },
  {
    "model": "auth.permission",
    "pk": 22,
    "fields": {
      "name": "Can delete log entry",
      "content_type": 9,
      "codename": "delete_logentry"
    }
  },
  {
    "model": "auth.permission",
    "pk": 23,
    "fields": {
      "name": "Can add auth token",
      "content_type": 10,
      "codename": "add_authtoken"
    }
  },
  {
    "model": "auth.permission",
    "pk": 24,
    "fields": {
      "name": "Can change auth token",
      "content_type": 10,
      "codename": "change_authtoken"
    }
  },
  {
    "model": "auth.permission",
    "pk": 25,
    "fields": {
      "name": "Can delete auth token",
      "content_type": 10,
      "codename": "delete_authtoken"
    }
  },
  {
    "model": "auth.permission",
    "pk": 26,
    "fields": {
      "name": "Can add User",
      "content_type": 11,
      "codename": "add_user"
    }
  },
  {
    "model": "auth.permission",
    "pk": 27,
    "fields": {
      "name": "Can change User",
      "content_type": 11,
      "codename": "change_user"
    }
  },
  {
    "model": "auth.permission",
    "pk": 28,
    "fields": {
      "name": "Can delete User",
      "content_type": 11,
      "codename": "delete_user"
    }
  },
  {
    "model": "auth.permission",
    "pk": 29,
    "fields": {
      "name": "Can add Material",
      "content_type": 12,
      "codename": "add_material"
    }
  },
  {
    "model": "auth.permission",
    "pk": 30,
    "fields": {
      "name": "Can change Material",
      "content_type": 12,
      "codename": "change_material"
    }
  },
  {
    "model": "auth.permission",
    "pk": 31,
    "fields": {
      "name": "Can delete Material",
      "content_type": 12,
      "codename": "delete_material"
    }
  },
  {
    "model": "auth.permission",
    "pk": 32,
    "fields": {
      "name": "Can add Material Category",
      "content_type": 13,
      "codename": "add_materialcategory"
    }
  },
  {
    "model": "auth.permission",
    "pk": 33,
    "fields": {
      "name": "Can change Material Category",
      "content_type": 13,
      "codename": "change_materialcategory"
    }
  },
  {
    "model": "auth.permission",
    "pk": 34,
    "fields": {
      "name": "Can delete Material Category",
      "content_type": 13,
      "codename": "delete_materialcategory"
    }
  },
  {
    "model": "auth.permission",
    "pk": 35,
    "fields": {
      "name": "Can addProduct",
      "content_type": 14,
      "codename": "add_product"
    }
  },
  {
    "model": "auth.permission",
    "pk": 36,
    "fields": {
      "name": "Can change Product",
      "content_type": 14,
      "codename": "change_product"
    }
  },
  {
    "model": "auth.permission",
    "pk": 37,
    "fields": {
      "name": "Can delete Product",
      "content_type": 14,
      "codename": "delete_product"
    }
  },
  {
    "model": "auth.permission",
    "pk": 38,
    "fields": {
      "name": "Can add Product Label",
      "content_type": 15,
      "codename": "add_productlabel"
    }
  },
  {
    "model": "auth.permission",
    "pk": 39,
    "fields": {
      "name": "Can change Product Label",
      "content_type": 15,
      "codename": "change_productlabel"
    }
  },
  {
    "model": "auth.permission",
    "pk": 40,
    "fields": {
      "name": "Can delete Product Label",
      "content_type": 15,
      "codename": "delete_productlabel"
    }
  },
  {
    "model": "auth.permission",
    "pk": 41,
    "fields": {
      "name": "Can addProduct Part",
      "content_type": 16,
      "codename": "add_productpart"
    }
  },
  {
    "model": "auth.permission",
    "pk": 42,
    "fields": {
      "name": "Can change Product Part",
      "content_type": 16,
      "codename": "change_productpart"
    }
  },
  {
    "model": "auth.permission",
    "pk": 43,
    "fields": {
      "name": "Can delete Product Part",
      "content_type": 16,
      "codename": "delete_productpart"
    }
  },
  {
    "model": "auth.permission",
    "pk": 44,
    "fields": {
      "name": "Can add Product Type",
      "content_type": 17,
      "codename": "add_producttype"
    }
  },
  {
    "model": "auth.permission",
    "pk": 45,
    "fields": {
      "name": "Can change Product Type",
      "content_type": 17,
      "codename": "change_producttype"
    }
  },
  {
    "model": "auth.permission",
    "pk": 46,
    "fields": {
      "name": "Can delete Product Type",
      "content_type": 17,
      "codename": "delete_producttype"
    }
  },
  {
    "model": "auth.permission",
    "pk": 47,
    "fields": {
      "name": "Can add Client",
      "content_type": 18,
      "codename": "add_client"
    }
  },
  {
    "model": "auth.permission",
    "pk": 48,
    "fields": {
      "name": "Can change Client",
      "content_type": 18,
      "codename": "change_client"
    }
  },
  {
    "model": "auth.permission",
    "pk": 49,
    "fields": {
      "name": "Candelete Client",
      "content_type": 18,
      "codename": "delete_client"
    }
  },
  {
    "model": "auth.permission",
    "pk": 50,
    "fields": {
      "name": "Can add Delivery note",
      "content_type": 19,
      "codename": "add_deliverynote"
    }
  },
  {
    "model": "auth.permission",
    "pk": 51,
    "fields": {
      "name": "Can change Delivery note",
      "content_type": 19,
      "codename": "change_deliverynote"
    }
  },
  {
    "model": "auth.permission",
    "pk": 52,
    "fields": {
      "name": "Can delete Delivery note",
      "content_type": 19,
      "codename": "delete_deliverynote"
    }
  },
  {
    "model": "auth.permission",
    "pk": 53,
    "fields": {
      "name": "Can add Manufacture plan",
      "content_type": 20,
      "codename": "add_manufactureplan"
    }
  },
  {
    "model": "auth.permission",
    "pk": 54,
    "fields": {
      "name": "Can change Manufacture plan",
      "content_type": 20,
      "codename": "change_manufactureplan"
    }
  },
  {
    "model": "auth.permission",
    "pk": 55,
    "fields": {
      "name": "Can delete Manufacture plan",
      "content_type": 20,
      "codename": "delete_manufactureplan"
    }
  },
  {
    "model": "auth.permission",
    "pk": 56,
    "fields": {
      "name": "Can add Order",
      "content_type": 21,
      "codename": "add_order"
    }
  },
  {
    "model": "auth.permission",
    "pk": 57,
    "fields": {
      "name": "Can change Order",
      "content_type": 21,
      "codename": "change_order"
    }
  },
  {
    "model": "auth.permission",
    "pk": 58,
    "fields": {
      "name": "Can delete Order",
      "content_type": 21,
      "codename": "delete_order"
    }
  },
  {
    "model": "auth.permission",
    "pk": 59,
    "fields": {
      "name": "Can add Ordered product",
      "content_type": 22,
      "codename": "add_orderedproduct"
    }
  },
  {
    "model": "auth.permission",
    "pk": 60,
    "fields": {
      "name": "Can change Ordered product",
      "content_type": 22,
      "codename": "change_orderedproduct"
    }
  },
  {
    "model": "auth.permission",
    "pk": 61,
    "fields": {
      "name": "Can delete Ordered product",
      "content_type": 22,
      "codename": "delete_orderedproduct"
    }
  },
  {
    "model": "auth.permission",
    "pk": 62,
    "fields": {
      "name": "Can add Ordered product label",
      "content_type": 23,
      "codename": "add_orderedproductlabel"
    }
  },
  {
    "model": "auth.permission",
    "pk": 63,
    "fields": {
      "name": "Can change Ordered product label",
      "content_type": 23,
      "codename": "change_orderedproductlabel"
    }
  },
  {
    "model": "auth.permission",
    "pk": 64,
    "fields": {
      "name": "Can delete Ordered product label",
      "content_type": 23,
      "codename": "delete_orderedproductlabel"
    }
  },
  {
    "model": "auth.permission",
    "pk": 65,
    "fields": {
      "name": "Can add Product order",
      "content_type": 24,
      "codename": "add_productorder"
    }
  },
  {
    "model": "auth.permission",
    "pk": 66,
    "fields": {
      "name": "Can change Product order",
      "content_type": 24,
      "codename": "change_productorder"
    }
  },
  {
    "model": "auth.permission",
    "pk": 67,
    "fields": {
      "name": "Can delete Product order",
      "content_type": 24,
      "codename": "delete_productorder"
    }
  },
  {
    "model": "auth.permission",
    "pk": 68,
    "fields": {
      "name": "Can add Productorder part",
      "content_type": 25,
      "codename": "add_productorderpart"
    }
  },
  {
    "model": "auth.permission",
    "pk": 69,
    "fields": {
      "name": "Can change Product order part",
      "content_type": 25,
      "codename": "change_productorderpart"
    }
  },
  {
    "model": "auth.permission",
    "pk": 70,
    "fields": {
      "name": "Can delete Product order part",
      "content_type": 25,
      "codename": "delete_productorderpart"
    }
  },
  {
    "model": "auth.permission",
    "pk": 71,
    "fields": {
      "name": "Can add Store",
      "content_type": 26,
      "codename": "add_store"
    }
  },
  {
    "model": "auth.permission",
    "pk": 72,
    "fields": {
      "name": "Can change Store",
      "content_type": 26,
      "codename": "change_store"
    }
  },
  {
    "model": "auth.permission",
    "pk": 73,
    "fields": {
      "name": "Can delete Store",
      "content_type": 26,
      "codename": "delete_store"
    }
  },
  {
    "model": "auth.permission",
    "pk": 74,
    "fields": {
      "name": "Can add Transaction",
      "content_type": 27,
      "codename": "add_transaction"
    }
  },
  {
    "model": "auth.permission",
    "pk": 75,
    "fields": {
      "name": "Can change Transaction",
      "content_type": 27,
      "codename": "change_transaction"
    }
  },
  {
    "model": "auth.permission",
    "pk": 76,
    "fields": {
      "name": "Can delete Transaction",
      "content_type": 27,
      "codename": "delete_transaction"
    }
  },
  {
    "model": "auth.permission",
    "pk": 77,
    "fields": {
      "name": "Can add Unique pricing",
      "content_type": 28,
      "codename": "add_uniquepricing"
    }
  },
  {
    "model": "auth.permission",
    "pk": 78,
    "fields": {
      "name": "Can change Unique pricing",
      "content_type": 28,
      "codename": "change_uniquepricing"
    }
  },
  {
    "model": "auth.permission",
    "pk": 79,
    "fields": {
      "name": "Can delete Unique pricing",
      "content_type": 28,
      "codename": "delete_uniquepricing"
    }
  },
  {
    "model": "auth.permission",
    "pk": 80,
    "fields": {
      "name": "Can add form submission",
      "content_type": 29,
      "codename": "add_formsubmission"
    }
  },
  {
    "model": "auth.permission",
    "pk": 81,
    "fields": {
      "name": "Can change form submission",
      "content_type": 29,
      "codename": "change_formsubmission"
    }
  },
  {
    "model": "auth.permission",
    "pk": 82,
    "fields": {
      "name": "Can delete form submission",
      "content_type": 29,
      "codename": "delete_formsubmission"
    }
  },
  {
    "model": "auth.permission",
    "pk": 83,
    "fields": {
      "name": "Can add redirect",
      "content_type": 30,
      "codename": "add_redirect"
    }
  },
  {
    "model": "auth.permission",
    "pk": 84,
    "fields": {
      "name": "Can change redirect",
      "content_type": 30,
      "codename": "change_redirect"
    }
  },
  {
    "model": "auth.permission",
    "pk": 85,
    "fields": {
      "name": "Can delete redirect",
      "content_type": 30,
      "codename": "delete_redirect"
    }
  },
  {
    "model": "auth.permission",
    "pk": 86,
    "fields": {
      "name": "Can add embed",
      "content_type": 31,
      "codename": "add_embed"
    }
  },
  {
    "model": "auth.permission",
    "pk": 87,
    "fields": {
      "name": "Can change embed",
      "content_type": 31,
      "codename": "change_embed"
    }
  },
  {
    "model": "auth.permission",
    "pk": 88,
    "fields": {
      "name": "Can delete embed",
      "content_type": 31,
      "codename": "delete_embed"
    }
  },
  {
    "model": "auth.permission",
    "pk": 89,
    "fields": {
      "name": "Can add user profile",
      "content_type": 32,
      "codename": "add_userprofile"
    }
  },
  {
    "model": "auth.permission",
    "pk": 90,
    "fields": {
      "name": "Can change user profile",
      "content_type": 32,
      "codename": "change_userprofile"
    }
  },
  {
    "model": "auth.permission",
    "pk": 91,
    "fields": {
      "name": "Can delete user profile",
      "content_type": 32,
      "codename": "delete_userprofile"
    }
  },
  {
    "model": "auth.permission",
    "pk": 92,
    "fields": {
      "name": "Can add rendition",
      "content_type": 33,
      "codename": "add_rendition"
    }
  },
  {
    "model": "auth.permission",
    "pk": 93,
    "fields": {
      "name": "Can change rendition",
      "content_type": 33,
      "codename": "change_rendition"
    }
  },
  {
    "model": "auth.permission",
    "pk": 94,
    "fields": {
      "name": "Can delete rendition",
      "content_type": 33,
      "codename": "delete_rendition"
    }
  },
  {
    "model": "auth.permission",
    "pk": 95,
    "fields": {
      "name": "Can add query",
      "content_type": 34,
      "codename": "add_query"
    }
  },
  {
    "model": "auth.permission",
    "pk": 96,
    "fields": {
      "name": "Can change query",
      "content_type": 34,
      "codename": "change_query"
    }
  },
  {
    "model": "auth.permission",
    "pk": 97,
    "fields": {
      "name": "Can delete query",
      "content_type": 34,
      "codename": "delete_query"
    }
  },
  {
    "model": "auth.permission",
    "pk": 98,
    "fields": {
      "name": "Canadd Query Daily Hits",
      "content_type": 35,
      "codename": "add_querydailyhits"
    }
  },
  {
    "model": "auth.permission",
    "pk": 99,
    "fields": {
      "name": "Can change Query Daily Hits",
      "content_type": 35,
      "codename": "change_querydailyhits"
    }
  },
  {
    "model": "auth.permission",
    "pk": 100,
    "fields": {
      "name": "Can delete Query Daily Hits",
      "content_type": 35,
      "codename": "delete_querydailyhits"
    }
  },
  {
    "model": "auth.permission",
    "pk": 101,
    "fields": {
      "name": "Can add page",
      "content_type": 1,
      "codename": "add_page"
    }
  },
  {
    "model": "auth.permission",
    "pk": 102,
    "fields": {
      "name": "Can change page",
      "content_type": 1,
      "codename": "change_page"
    }
  },
  {
    "model": "auth.permission",
    "pk": 103,
    "fields": {
      "name": "Can delete page",
      "content_type": 1,
      "codename": "delete_page"
    }
  },
  {
    "model": "auth.permission",
    "pk": 104,
    "fields": {
      "name": "Can add group page permission",
      "content_type": 36,
      "codename": "add_grouppagepermission"
    }
  },
  {
    "model": "auth.permission",
    "pk": 105,
    "fields": {
      "name": "Can change group page permission",
      "content_type": 36,
      "codename": "change_grouppagepermission"
    }
  },
  {
    "model": "auth.permission",
    "pk": 106,
    "fields": {
      "name": "Can delete group page permission",
      "content_type": 36,
      "codename": "delete_grouppagepermission"
    }
  },
  {
    "model": "auth.permission",
    "pk": 107,
    "fields": {
      "name": "Can add page revision",
      "content_type": 37,
      "codename": "add_pagerevision"
    }
  },
  {
    "model": "auth.permission",
    "pk": 108,
    "fields": {
      "name": "Can change page revision",
      "content_type": 37,
      "codename": "change_pagerevision"
    }
  },
  {
    "model": "auth.permission",
    "pk": 109,
    "fields": {
      "name": "Can delete page revision",
      "content_type": 37,
      "codename": "delete_pagerevision"
    }
  },
  {
    "model": "auth.permission",
    "pk": 110,
    "fields": {
      "name": "Can add page view restriction",
      "content_type": 38,
      "codename": "add_pageviewrestriction"
    }
  },
  {
    "model": "auth.permission",
    "pk": 111,
    "fields": {
      "name": "Can change page view restriction",
      "content_type": 38,
      "codename": "change_pageviewrestriction"
    }
  },
  {
    "model": "auth.permission",
    "pk": 112,
    "fields": {
      "name": "Can delete page view restriction",
      "content_type": 38,
      "codename": "delete_pageviewrestriction"
    }
  },
  {
    "model": "auth.permission",
    "pk": 113,
    "fields": {
      "name": "Can add site",
      "content_type": 39,
      "codename": "add_site"
    }
  },
  {
    "model": "auth.permission",
    "pk": 114,
    "fields": {
      "name": "Can change site",
      "content_type": 39,
      "codename": "change_site"
    }
  },
  {
    "model": "auth.permission",
    "pk": 115,
    "fields": {
      "name": "Can delete site",
      "content_type": 39,
      "codename": "delete_site"
    }
  },
  {
    "model": "auth.permission",
    "pk": 116,
    "fields": {
      "name": "Can add collection",
      "content_type": 40,
      "codename": "add_collection"
    }
  },
  {
    "model": "auth.permission",
    "pk": 117,
    "fields": {
      "name": "Can change collection",
      "content_type": 40,
      "codename": "change_collection"
    }
  },
  {
    "model": "auth.permission",
    "pk": 118,
    "fields": {
      "name": "Can delete collection",
      "content_type": 40,
      "codename": "delete_collection"
    }
  },
  {
    "model": "auth.permission",
    "pk": 119,
    "fields": {
      "name": "Can add group collection permission",
      "content_type": 41,
      "codename": "add_groupcollectionpermission"
    }
  },
  {
    "model": "auth.permission",
    "pk": 120,
    "fields": {
      "name": "Can change group collection permission",
      "content_type": 41,
      "codename": "change_groupcollectionpermission"
    }
  },
  {
    "model": "auth.permission",
    "pk": 121,
    "fields": {
      "name": "Can delete group collection permission",
      "content_type": 41,
      "codename": "delete_groupcollectionpermission"
    }
  },
  {
    "model": "auth.permission",
    "pk": 122,
    "fields": {
      "name": "Can add collection view restriction",
      "content_type": 42,
      "codename": "add_collectionviewrestriction"
    }
  },
  {
    "model": "auth.permission",
    "pk": 123,
    "fields": {
      "name": "Can change collection view restriction",
      "content_type": 42,
      "codename": "change_collectionviewrestriction"
    }
  },
  {
    "model": "auth.permission",
    "pk": 124,
    "fields": {
      "name": "Can delete collection view restriction",
      "content_type": 42,
      "codename": "delete_collectionviewrestriction"
    }
  },
  {
    "model": "auth.permission",
    "pk": 125,
    "fields": {
      "name": "Can add Tag",
      "content_type": 43,
      "codename": "add_tag"
    }
  },
  {
    "model": "auth.permission",
    "pk": 126,
    "fields": {
      "name": "Can change Tag",
      "content_type": 43,
      "codename": "change_tag"
    }
  },
  {
    "model": "auth.permission",
    "pk": 127,
    "fields": {
      "name": "Can delete Tag",
      "content_type": 43,
      "codename": "delete_tag"
    }
  },
  {
    "model": "auth.permission",
    "pk": 128,
    "fields": {
      "name": "Can add Tagged Item",
      "content_type": 44,
      "codename": "add_taggeditem"
    }
  },
  {
    "model": "auth.permission",
    "pk": 129,
    "fields": {
      "name": "Can change Tagged Item",
      "content_type": 44,
      "codename": "change_taggeditem"
    }
  },
  {
    "model": "auth.permission",
    "pk": 130,
    "fields": {
      "name": "Can delete Tagged Item",
      "content_type": 44,
      "codename": "delete_taggeditem"
    }
  },
  {
    "model": "auth.group",
    "pk": 1,
    "fields": {
      "name": "Moderators",
      "permissions": [
        1,
        2,
        3,
        4,
        5,
        6,
        7
      ]
    }
  },
  {
    "model": "auth.group",
    "pk": 2,
    "fields": {
      "name": "Editors",
      "permissions": [
        1,
        2,
        3,
        4,
        5,
        6,
        7
      ]
    }
  },
  {
    "model": "app.user",
    "pk": 1,
    "fields": {
      "password": "pbkdf2_sha256$100000$spinngOIs6S7$hKqlDhrMQaJy9KhhfwijuIggSATNVT+kW1VTMpANaok=",
      "last_login": "2019-05-12T14:41:36.719Z",
      "is_superuser": true,
      "username": "admin",
      "first_name": "",
      "last_name": "",
      "is_staff": true,
      "is_active": true,
      "date_joined": "2019-04-14T15:10:50.575Z",
      "email": "asdasdasd@asdasdas.com",
      "timestamp": "2019-04-14T13:10:50.575Z",
      "activated": false,
      "groups": [],
      "user_permissions": []
    }
  },
  {
    "model": "app.transaction",
    "pk": 1,
    "fields": {
      "material": 4,
      "quantity": 32.0,
      "vat": 27,
      "net_price": 14600.0,
      "price": null,
      "timestamp": "2019-04-19T17:20:48.552Z",
      "ordered_product": null,
      "user": null
    }
  },
  {
    "model": "app.transaction",
    "pk": 2,
    "fields": {
      "material": null,
      "quantity": -1.0,
      "vat": 27,
      "net_price": null,
      "price": null,
      "timestamp": "2019-04-19T17:44:27.834Z",
      "ordered_product": 15,
      "user": null
    }
  },
  {
    "model": "wagtailcore.page",
    "pk": 1,
    "fields": {
      "path": "0001",
      "depth": 1,
      "numchild": 1,
      "title": "Root",
      "draft_title": "Root",
      "slug": "root",
      "content_type": 1,
      "live": true,
      "has_unpublished_changes": false,
      "url_path": "/",
      "owner": null,
      "seo_title": "",
      "show_in_menus": false,
      "search_description": "",
      "go_live_at": null,
      "expire_at": null,
      "expired": false,
      "locked": false,
      "first_published_at": null,
      "last_published_at": null,
      "latest_revision_created_at": null,
      "live_revision": null
    }
  },
  {
    "model": "wagtailcore.page",
    "pk": 2,
    "fields": {
      "path": "00010001",
      "depth": 2,
      "numchild": 0,
      "title": "Welcome to your new Wagtail site!",
      "draft_title": "Welcome to your new Wagtail site!",
      "slug": "home",
      "content_type": 1,
      "live": true,
      "has_unpublished_changes": false,
      "url_path": "/home/",
      "owner": null,
      "seo_title": "",
      "show_in_menus": false,
      "search_description": "",
      "go_live_at": null,
      "expire_at": null,
      "expired": false,
      "locked": false,
      "first_published_at": null,
      "last_published_at": null,
      "latest_revision_created_at": null,
      "live_revision": null
    }
  },
  {
    "model": "wagtailcore.grouppagepermission",
    "pk": 1,
    "fields": {
      "group": 1,
      "page": 1,
      "permission_type": "add"
    }
  },
  {
    "model": "wagtailcore.grouppagepermission",
    "pk": 2,
    "fields": {
      "group": 1,
      "page": 1,
      "permission_type": "edit"
    }
  },
  {
    "model": "wagtailcore.grouppagepermission",
    "pk": 3,
    "fields": {
      "group": 1,
      "page": 1,
      "permission_type": "publish"
    }
  },
  {
    "model": "wagtailcore.grouppagepermission",
    "pk": 4,
    "fields": {
      "group": 2,
      "page": 1,
      "permission_type": "add"
    }
  },
  {
    "model": "wagtailcore.grouppagepermission",
    "pk": 5,
    "fields": {
      "group": 2,
      "page": 1,
      "permission_type": "edit"
    }
  },
  {
    "model": "wagtailcore.grouppagepermission",
    "pk": 6,
    "fields": {
      "group": 1,
      "page": 1,
      "permission_type": "lock"
    }
  },
  {
    "model": "wagtailcore.groupcollectionpermission",
    "pk": 1,
    "fields": {
      "group": 1,
      "collection": 1,
      "permission": 2
    }
  },
  {
    "model": "wagtailcore.groupcollectionpermission",
    "pk": 2,
    "fields": {
      "group": 2,
      "collection": 1,
      "permission": 2
    }
  },
  {
    "model": "wagtailcore.groupcollectionpermission",
    "pk": 3,
    "fields": {
      "group": 1,
      "collection": 1,
      "permission": 3
    }
  },
  {
    "model": "wagtailcore.groupcollectionpermission",
    "pk": 4,
    "fields": {
      "group": 2,
      "collection": 1,
      "permission": 3
    }
  },
  {
    "model": "wagtailcore.groupcollectionpermission",
    "pk": 5,
    "fields": {
      "group": 1,
      "collection": 1,
      "permission": 5
    }
  },
  {
    "model": "wagtailcore.groupcollectionpermission",
    "pk": 6,
    "fields": {
      "group": 2,
      "collection": 1,
      "permission": 5
    }
  },
  {
    "model": "wagtailcore.groupcollectionpermission",
    "pk": 7,
    "fields": {
      "group": 1,
      "collection": 1,
      "permission": 6
    }
  },
  {
    "model": "wagtailcore.groupcollectionpermission",
    "pk": 8,
    "fields": {
      "group": 2,
      "collection": 1,
      "permission": 6
    }
  }
]
